2025-12-02_15-01-20,100,draft.py:2025-12-02_15-01-20
2025-12-07_22-02-54,100,draft.py:2025-12-02_15-01-20
2025-12-09_15-42-34,---,draft.py:2025-12-02_15-01-20
2025-12-09_15-42-39,100,draft.py:2025-12-02_15-01-20
2025-12-09_15-42-43,100,draft.py:2025-12-02_15-01-20
2025-12-09_15-42-46,100,draft.py:2025-12-02_15-01-20
2025-12-09_16-14-48,100,draft.py:2025-12-09_16-14-48
2025-12-09_16-15-04,100,draft.py:2025-12-09_16-15-04
2025-12-09_16-15-18,0,draft.py:2025-12-09_16-15-18
2025-12-09_16-15-19,---,draft.py:2025-12-09_16-15-18
2025-12-09_16-18-52,0,draft.py:2025-12-09_16-18-52
2025-12-09_16-18-53,---,draft.py:2025-12-09_16-18-52
2025-12-09_16-23-56,---,draft.py:2025-12-09_16-23-56
2025-12-09_16-26-35,0,draft.py:2025-12-09_16-26-35
2025-12-09_16-30-07,0,draft.py:2025-12-09_16-30-07
2025-12-09_16-30-10,0,draft.py:2025-12-09_16-30-07
2025-12-09_16-31-59,0,draft.py:2025-12-09_16-31-59
2025-12-09_16-31-59,---,draft.py:2025-12-09_16-31-59
2025-12-09_16-32-03,0,draft.py:2025-12-09_16-32-03
2025-12-09_16-49-07,0,draft.py:2025-12-09_16-49-07
2025-12-09_16-51-41,100,draft.py:2025-12-09_16-51-41
2025-12-09_16-51-43,---,draft.py:2025-12-09_16-51-41
2025-12-09_16-56-15,---,draft.py:2025-12-09_16-56-15
2025-12-09_17-02-47,0,draft.py:2025-12-09_17-02-47
2025-12-09_17-03-10,0,draft.py:2025-12-09_17-03-10
2025-12-09_17-03-43,0,draft.py:2025-12-09_17-03-43
2025-12-09_17-04-59,0,draft.py:2025-12-09_17-04-59
2025-12-09_17-08-13,0,draft.py:2025-12-09_17-08-13
2025-12-09_17-08-52,0,draft.py:2025-12-09_17-08-52
2025-12-09_17-11-04,0,draft.py:2025-12-09_17-11-04
2025-12-09_17-12-25,0,draft.py:2025-12-09_17-11-04
2025-12-09_17-16-37,0,draft.py:2025-12-09_17-16-37
2025-12-12_23-19-18,0,draft.py:2025-12-09_17-16-37
2025-12-12_23-21-08,0,draft.py:2025-12-12_23-21-08
2025-12-14_16-33-57,0,draft.py:2025-12-12_23-21-08
